Index,CeCl3,LaCl3,NdCl3,PrCl3
0,1,1,1,1
1,0.117241379,0.352941176,0.196078431,0.052287582
2,0.39869281,0.450160772,0.375862069,0.110344828
