Ni,Fe,La,Ce,Pr,Nd,Co,Mn,Al,KOH,H2O,Additives,PP,Ni(OH)2,HCl,NaOH,NaOCl,NaCl,KCl,NiCl2,H2,O2,Cl2,LaCl3,CeCl3,PrCl3,NdCl3,AlCl3,CoCl2,MnCl2,FeCl2,La(OH)3,Ce(OH)3,Pr(OH)3,Nd(OH)3,Al(OH)3,Co(OH)2,Mn(OH)2,Fe(OH)2,PC88A,Dodecane
58.69,55.85,138.91,140.12,140.91,144.24,58.93,54.94,26.98,56.11,18.01528,1,1,92.71,36.46,40,74.4,58.44,74.55,129.6,2.02,32,70.9,245.26,246.48,247.27,250.6,133.34,129.84,125.84,126.75,189.93,191.14,191.93,195.26,78,92.95,88.95,89.86,306.42586,170.3348
